商品id,商品名称,商品主图,商品详情页链接地址,店铺名称,商品价格(单位：元),商品月销量,收入比率(%),佣金,卖家旺旺,淘宝客短链接(300天内有效),淘宝客链接,淘口令(30天内有效),优惠券总量,优惠券剩余量,优惠券面额,优惠券开始时间,优惠券结束时间,优惠券链接,优惠券淘口令(30天内有效),优惠券短链接(300天内有效),是否为营销计划商品,成团人数,成团价,成团佣金,拼团开始时间,拼团结束时间
610697227222,洛丽塔公主裙正版全套lolita裙子原创洛莉塔装学生日常可爱洋装,https://img.alicdn.com/i4/33894787/O1CN01Y6rZPL1lEUXw4gj0j_!!33894787.jpg,http://item.taobao.com/item.htm?id=610697227222,魔塔大陆,269,17,4.5,11.21,西风的话3219,https://s.click.taobao.com/eLulghv,https://s.click.taobao.com/t?e=m%3D2%26s%3DQMNEab30SOdw4vFB6t2Z2ueEDrYVVa64juWlisr3dOdyINtkUhsv0L9eAJbfIZiWrl0NiRgnc5PtCmfOQUcFIlSwgggofB32be0285%2FWpbJH8YQcwA8a%2FBrCMvRnLmmTUyNpxLfgKr0jWpzpm6nEC2i9OPrc0XZQ%2BmeO2RiYrdq%2FVSpkt13RzTmEMK4TxNIs&union_lens=lensId%3AOPT%401590340138%400b0833a6_0f11_17247a8b5ba_4dd9%4001,￥zp3C1JOU14K￥,1111,1070,20.0,2020-05-09 00:00:00,2020-05-31 23:59:59,https://uland.taobao.com/coupon/edetail?e=u9EA%2FxExnP4NfLV8niU3R5TgU2jJNKOfNNtsjZw%2F%2FoKqOZbLpSdiYOTX%2F3rjIuTPzbAjMjQ0gcxJKTHQYKz89LtHdDu1dSGb65OH1WfUm97Qcrrh2q7i%2FX465JjauAzyrwGSVh%2BekNmXsZNwXFgDG0KAyzOK%2B4%2F8jr1J2PdDxy3TW%2FoVcZ9tx2uhcEU%2FqjP4&&app_pvid=59590_11.8.51.166_553_1590340138378&ptl=floorId:31507;app_pvid:59590_11.8.51.166_553_1590340138378;tpp_pvid:&union_lens=lensId%3AOPT%401590340138%400b0833a6_0f11_17247a8b5ba_4dd9%4001,￥7gm71JOUekz￥,https://s.click.taobao.com/Jvzlghv,否,,,,,
604329732410,蝶尚秋新品洛丽塔lolita圆头叙旧蝴蝶结学生小皮鞋牛筋平底学院风,https://img.alicdn.com/i2/705917713/O1CN01u0ZoWR26qbS6QHXQo_!!705917713.jpg,http://item.taobao.com/item.htm?id=604329732410,蝶尚秋原创森系手工定制,148,10,2.58,3.04,心动梦随,https://s.click.taobao.com/dqtlghv,https://s.click.taobao.com/t?e=m%3D2%26s%3DTLUtIV7djBxw4vFB6t2Z2ueEDrYVVa64juWlisr3dOdyINtkUhsv0L9eAJbfIZiWrl0NiRgnc5PtCmfOQUcFIlSwgggofB32be0285%2FWpbJH8YQcwA8a%2FBrCMvRnLmmTUyNpxLfgKr0jWpzpm6nEC55fnbrTRrVFJygjpB98ffSkHMcN9IWq6wm3rGYyqbgbcSpj5qSCmbA%3D&union_lens=lensId%3AOPT%401590340138%400b0833a6_0f11_17247a8b61d_4ddb%4001,￥QXjW1JOf0dT￥,5000,4986,30.0,2020-05-12 00:00:00,2020-07-11 23:59:59,https://uland.taobao.com/coupon/edetail?e=u3ttrEsAH68NfLV8niU3R5TgU2jJNKOfNNtsjZw%2F%2FoLioHbNe60yQ2S6QssZNz%2FvLfUB3AZ64140tCF%2BPIcUzLhtWWjRAlP0awvDoeqYhH2lT%2Bjoplu88ZdPM7ifRpXLDfqEFBOhTcy7%2FV%2BkFynd4lD2STGKf3MJvn17DJS%2B%2FCKi5QrILiXIZHt5XKRL3Y19&&app_pvid=59590_11.8.51.166_553_1590340138378&ptl=floorId:31507;app_pvid:59590_11.8.51.166_553_1590340138378;tpp_pvid:&union_lens=lensId%3AOPT%401590340138%400b0833a6_0f11_17247a8b61d_4ddb%4001,￥cA8Q1JOU0XD￥,https://s.click.taobao.com/3Zslghv,是,,,,,
611852579283,原创正品马卡龙兔兔OP连衣裙洛丽塔格子款过新年Lolita日常大摆裙,https://img.alicdn.com/i4/2206682180172/O1CN01Xmg7RY1D8ohr5iocu_!!2206682180172.jpg,http://item.taobao.com/item.htm?id=611852579283,Himesama Holiday原创设计,388,1,1.35,4.97,himesamaholiday姬様休憩,https://s.click.taobao.com/iS1mghv,https://s.click.taobao.com/t?e=m%3D2%26s%3Dtb0th6Wstwdw4vFB6t2Z2ueEDrYVVa64juWlisr3dOdyINtkUhsv0L9eAJbfIZiWrl0NiRgnc5PtCmfOQUcFIlSwgggofB32be0285%2FWpbJH8YQcwA8a%2FBrCMvRnLmmTUyNpxLfgKr0jWpzpm6nECwTm0BH7FR8Onz3ELYQWgoeb1i1LkrRrDtnAqivXClfIIYULNg46oBA%3D&union_lens=lensId%3AOPT%401590340138%400b0833a6_0f11_17247a8b648_4df0%4001,￥Ncoo1JOfJX4￥,2000,1989,20.0,2020-05-23 00:00:00,2020-05-31 23:59:59,https://uland.taobao.com/coupon/edetail?e=4J4ohZy82%2B0NfLV8niU3R5TgU2jJNKOfNNtsjZw%2F%2FoJQ%2B4ojpj7jFDNFH%2BRn2VZNCCLhZmWryjwdXbddaFpx16wbAntFj%2BXYEHpTAWQ%2BSRFp4exEq6u%2FYajwmxD5Q1FpNBjG0GAa9hytUAWjn%2BOknP22e3eRtrr%2Fe6hVwoPYqIy%2Fczxa%2BhjACyzc2MbXbIJF2yyKL%2FuyTAI%3D&&app_pvid=59590_11.8.51.166_553_1590340138378&ptl=floorId:31507;app_pvid:59590_11.8.51.166_553_1590340138378;tpp_pvid:&union_lens=lensId%3AOPT%401590340138%400b0833a6_0f11_17247a8b648_4df0%4001,￥9X1C1JOfeOb￥,https://s.click.taobao.com/2Zslghv,否,,,,,
618221234407,洛丽塔裙原创 洛芙德op 优雅印花罩纱气质可爱lolita公主裙连衣裙,https://img.alicdn.com/i4/2206515785998/O1CN01L63z9m1uB8CckYidM_!!0-item_pic.jpg,http://item.taobao.com/item.htm?id=618221234407,映茜旗舰店,199,3,6,8.34,映茜旗舰店,https://s.click.taobao.com/UKtlghv,https://s.click.taobao.com/t?e=m%3D2%26s%3DbI0PLEgHS%2Ftw4vFB6t2Z2ueEDrYVVa64Dne87AjQPk9yINtkUhsv0L9eAJbfIZiWrl0NiRgnc5PtCmfOQUcFIlSwgggofB32be0285%2FWpbJH8YQcwA8a%2FBrCMvRnLmmTUyNpxLfgKr0jWpzpm6nECzS2P6cfD62LvGuWEPC7j6Jcfm37xb4PJeyaUFxh8fmupMZxtYHy2%2BOiZ%2BQMlGz6FQ%3D%3D&union_lens=lensId%3AOPT%401590340138%400b0833a6_0f11_17247a8b677_4df1%4001,￥hXcj1JOUYeh￥,10000,9991,60.0,2020-05-22 00:00:00,2020-05-29 23:59:59,https://uland.taobao.com/coupon/edetail?e=ngFHs63RwjANfLV8niU3R5TgU2jJNKOfNNtsjZw%2F%2FoLNQvmPulFRvqE7RhZzZiI5gyapBMIfMx%2FWcSVHhJ%2FGhemFKyIN1bVX65OH1WfUm95Uf2TiFOebe7%2FltfGD9JWwgoyDVriowkKtUAWjn%2BOknP22e3eRtrr%2Fe6hVwoPYqIy%2Fczxa%2BhjACyzc2MbXbIJFVW6yqqeGJ%2FI%3D&&app_pvid=59590_11.8.51.166_553_1590340138378&ptl=floorId:31507;app_pvid:59590_11.8.51.166_553_1590340138378;tpp_pvid:&union_lens=lensId%3AOPT%401590340138%400b0833a6_0f11_17247a8b677_4df1%4001,￥23HK1JOU4bO￥,https://s.click.taobao.com/yD2mghv,是,,,,,
609022006013,桃乐丝之夜Lolita裙原创紫罗繁花CLA洛丽塔JSK连衣裙 现货,https://img.alicdn.com/i4/1808251735/O1CN01njTbcl1OgfkZEdLMX_!!1808251735.jpg,http://item.taobao.com/item.htm?id=609022006013,桃乐丝之夜DorisNightLolita洋装馆,368,2,4.5,14.31,verredejardin,https://s.click.taobao.com/mBzlghv,https://s.click.taobao.com/t?e=m%3D2%26s%3DpiXJgXyuvEFw4vFB6t2Z2ueEDrYVVa64juWlisr3dOdyINtkUhsv0L9eAJbfIZiWrl0NiRgnc5PtCmfOQUcFIlSwgggofB32be0285%2FWpbJH8YQcwA8a%2FBrCMvRnLmmTUyNpxLfgKr0jWpzpm6nEC5J55JeTbCYivxb2Ga8ih5d2Mcz8RAEbpg3eTJhWPFtkxgxdTc00KD8%3D&union_lens=lensId%3AOPT%401590340138%400b0833a6_0f11_17247a8b697_4df2%4001,￥Biji1JOfmgl￥,9999,9424,50.0,2020-05-01 00:00:00,2020-05-31 23:59:59,https://uland.taobao.com/coupon/edetail?e=po4Z85EnsBkNfLV8niU3R5TgU2jJNKOfNNtsjZw%2F%2FoJFVWGNapYSt%2BKVSzjSaCZXXPujBoig1AI%2FZStw2JAdeMuRTiT9oEhVZV8pr6FWc0MPU64n7qPzDY0%2BjFP8G1vGmMHpNfYdHdD%2FawWiow74mICnqiGk4FiOLJ3bdz5Kbzzmt4OzLcG%2BoXaC54LfKGbLonv6QcvcARY%3D&&app_pvid=59590_11.8.51.166_553_1590340138378&ptl=floorId:31507;app_pvid:59590_11.8.51.166_553_1590340138378;tpp_pvid:&union_lens=lensId%3AOPT%401590340138%400b0833a6_0f11_17247a8b697_4df2%4001,￥ZvUL1JOfOfp￥,https://s.click.taobao.com/XJslghv,是,,,,,
579580521085,【售完下架】原创洛丽塔 秋之信笺JSK印花连衣裙lolita公主裙,https://img.alicdn.com/i1/3943659105/O1CN01bYiIYI2H88f5jFano_!!0-item_pic.jpg,http://item.taobao.com/item.htm?id=579580521085,樱洛芙旗舰店,360,0,1.5,5.10,樱洛芙旗舰店,https://s.click.taobao.com/matlghv,https://s.click.taobao.com/t?e=m%3D2%26s%3DhdYpRoyLL9tw4vFB6t2Z2ueEDrYVVa64Dne87AjQPk9yINtkUhsv0L9eAJbfIZiWrl0NiRgnc5PtCmfOQUcFIlSwgggofB32be0285%2FWpbJH8YQcwA8a%2FBrCMvRnLmmTUyNpxLfgKr0jWpzpm6nEC3QRNbYxOB9wp2%2F8dtt6CbflDIOI%2B0KuxCJwXMsBkqb%2FomfkDJRs%2BhU%3D&union_lens=lensId%3AOPT%401590340138%400b0833a6_0f11_17247a8b6bb_4df3%4001,￥YIYB1JOUfoX￥,10000,9737,20.0,2020-05-21 00:00:00,2020-05-31 23:59:59,https://uland.taobao.com/coupon/edetail?e=FCVVKTBI%2FD8NfLV8niU3R5TgU2jJNKOfNNtsjZw%2F%2FoKgKZ46YYtvz0UayPqab9ZeYcyBzgKn7Y3yvrhSdb8JYmuFqp8TFaHMNg4Gqf8CT4D71IBOkM8zjYgUulcKoxMumMHpNfYdHdD%2FawWiow74mICnqiGk4FiOLJ3bdz5Kbzzmt4OzLcG%2Bof41o1IfXjc7onv6QcvcARY%3D&&app_pvid=59590_11.8.51.166_553_1590340138378&ptl=floorId:31507;app_pvid:59590_11.8.51.166_553_1590340138378;tpp_pvid:&union_lens=lensId%3AOPT%401590340138%400b0833a6_0f11_17247a8b6bb_4df3%4001,￥A7cs1JOfhwT￥,https://s.click.taobao.com/wD2mghv,否,,,,,
613697788430,法式田园森系洛丽塔长裙复古荷叶边蕾丝超仙女桔梗连衣裙女2020夏,https://img.alicdn.com/i1/2643131204/O1CN01BOF1fF1KlTSBLfnAC_!!2643131204.jpg,http://item.taobao.com/item.htm?id=613697788430,子末青合 轻复古文艺女装,198,1,3,5.34,素简棉麻,https://s.click.taobao.com/kdwlghv,https://s.click.taobao.com/t?e=m%3D2%26s%3D7O5nCxoe2Sxw4vFB6t2Z2ueEDrYVVa64juWlisr3dOdyINtkUhsv0L9eAJbfIZiWrl0NiRgnc5PtCmfOQUcFIlSwgggofB32be0285%2FWpbJH8YQcwA8a%2FBrCMvRnLmmTUyNpxLfgKr0jWpzpm6nEC3cLQdT7G5gdDTqyoRshdtmNSGpDdil3d13itOqbBrWAomfkDJRs%2BhU%3D&union_lens=lensId%3AOPT%401590340138%400b0833a6_0f11_17247a8b6e8_4df4%4001,￥TSSI1JO4A0W￥,20000,20000,20.0,2020-05-24 00:00:00,2020-06-30 23:59:59,https://uland.taobao.com/coupon/edetail?e=ij%2B28m3A6zwNfLV8niU3R5TgU2jJNKOfNNtsjZw%2F%2FoLkyzFO%2BXADYWOxBZUYBBgWZymdEkBDygfN3EW%2FSU0b7muFqp8TFaHMNg4Gqf8CT4Dau51S08QSooRBi%2FasgbXWmMHpNfYdHdD%2FawWiow74mICnqiGk4FiOLJ3bdz5Kbzzmt4OzLcG%2BoXaC54LfKGbLonv6QcvcARY%3D&&app_pvid=59590_11.8.51.166_553_1590340138378&ptl=floorId:31507;app_pvid:59590_11.8.51.166_553_1590340138378;tpp_pvid:&union_lens=lensId%3AOPT%401590340138%400b0833a6_0f11_17247a8b6e8_4df4%4001,￥mFqS1JOf7KC￥,https://s.click.taobao.com/gAylghv,否,,,,,
616236529140,短袖暗黑哥特式古典宫廷风塔罗裙洋气洛丽塔女仆日系少女闺蜜装,https://img.alicdn.com/i2/175754641/TB1PpQbCxD1gK0jSZFsq6zldVXa?_!!0-item_pic.jpg,http://item.taobao.com/item.htm?id=616236529140,万达优品1号店,353.7,0,18,58.27,万达优品1号店,https://s.click.taobao.com/gR0mghv,https://s.click.taobao.com/t?e=m%3D2%26s%3DgLjAhSfopkRw4vFB6t2Z2ueEDrYVVa64juWlisr3dOdyINtkUhsv0L9eAJbfIZiWrl0NiRgnc5PtCmfOQUcFIlSwgggofB32be0285%2FWpbJH8YQcwA8a%2FBrCMvRnLmmTUyNpxLfgKr0jWpzpm6nEC%2FO9v9KwJXK1yBvMRHJFYG%2FuprwveTw8mVy%2FPHIRafVwIYULNg46oBA%3D&union_lens=lensId%3AOPT%401590340138%400b0833a6_0f11_17247a8b706_4df8%4001,￥2tSq1JOffXN￥,9999,9992,30.0,2020-05-05 00:00:00,2020-07-04 23:59:59,https://uland.taobao.com/coupon/edetail?e=RCDUlXn8ca0NfLV8niU3R5TgU2jJNKOfNNtsjZw%2F%2FoLLUioHdJg6U2slgrZMW044msDjWlG5WqQOAPaeMSx286wbAntFj%2BXYEHpTAWQ%2BSRFp4exEq6u%2FYbtNv9G2vRfxOYTR1dwD7tytUAWjn%2BOknP22e3eRtrr%2Fe6hVwoPYqIy%2Fczxa%2BhjACyzc2MbXbIJF2yyKL%2FuyTAI%3D&&app_pvid=59590_11.8.51.166_553_1590340138378&ptl=floorId:31507;app_pvid:59590_11.8.51.166_553_1590340138378;tpp_pvid:&union_lens=lensId%3AOPT%401590340138%400b0833a6_0f11_17247a8b706_4df8%4001,￥cMtT1JOf4h3￥,https://s.click.taobao.com/6hylghv,否,,,,,
614490289705,原创设计Lolita日常洋装繁花章华正版连衣裙萝莉塔甜美轻lo裙子,https://img.alicdn.com/i1/2965722869/O1CN01IBOqxW1X42u6cKqJ2_!!2965722869.jpg,http://item.taobao.com/item.htm?id=614490289705,漫喵工作室,299,0,1.8,5.02,猎户座的星辰,https://s.click.taobao.com/Ccvlghv,https://s.click.taobao.com/t?e=m%3D2%26s%3DaTzTH7MSIURw4vFB6t2Z2ueEDrYVVa64juWlisr3dOdyINtkUhsv0L9eAJbfIZiWrl0NiRgnc5PtCmfOQUcFIlSwgggofB32be0285%2FWpbJH8YQcwA8a%2FBrCMvRnLmmTUyNpxLfgKr0jWpzpm6nEC4%2FPFbbpxmZg6S6a9pnXbdGW0Cz5S781M5fsABz0%2BGYbomfkDJRs%2BhU%3D&union_lens=lensId%3AOPT%401590340138%400b0833a6_0f11_17247a8b73a_4df9%4001,￥wvg31JOfgs6￥,1000,944,20.0,2020-05-02 00:00:00,2020-05-31 23:59:59,https://uland.taobao.com/coupon/edetail?e=yidBDNzeIM8NfLV8niU3R5TgU2jJNKOfNNtsjZw%2F%2FoJYRhJU5obDg0I%2FK3sFpjbxmdVG%2F%2BXy%2BOalORnImMS43WuFqp8TFaHMNg4Gqf8CT4DnT%2B%2FZSDwep%2BbSnUi0CR0RmMHpNfYdHdD%2FawWiow74mICnqiGk4FiOLJ3bdz5Kbzzmt4OzLcG%2BoXaC54LfKGbLonv6QcvcARY%3D&&app_pvid=59590_11.8.51.166_553_1590340138378&ptl=floorId:31507;app_pvid:59590_11.8.51.166_553_1590340138378;tpp_pvid:&union_lens=lensId%3AOPT%401590340138%400b0833a6_0f11_17247a8b73a_4df9%4001,￥Qb0f1JOUXFs￥,https://s.click.taobao.com/1Zslghv,否,,,,,
614001333805,罗丽塔洋装洛丽塔超仙春夏公主裙春秋款演出服气质洋气软妹礼服,https://img.alicdn.com/i2/175754641/TB1Ad5nxYj1gK0jSZFuq6ArHpXa?_!!0-item_pic.jpg,http://item.taobao.com/item.htm?id=614001333805,万达优品海外,258.61,0,18,42.05,万达广场折扣1号店,https://s.click.taobao.com/NOwlghv,https://s.click.taobao.com/t?e=m%3D2%26s%3D8%2FQRncP4kKlw4vFB6t2Z2ueEDrYVVa64juWlisr3dOdyINtkUhsv0L9eAJbfIZiWrl0NiRgnc5PtCmfOQUcFIlSwgggofB32be0285%2FWpbJH8YQcwA8a%2FBrCMvRnLmmTUyNpxLfgKr0jWpzpm6nEC3%2B%2BvQ%2BE5CIvcjlJe26Qed3jgjNKQwZMGafntew7El%2BLIYULNg46oBA%3D&union_lens=lensId%3AOPT%401590340138%400b0833a6_0f11_17247a8b768_4dfa%4001,￥sZ2H1JOfd8H￥,10000,9867,25.0,2020-04-09 00:00:00,2020-06-08 23:59:59,https://uland.taobao.com/coupon/edetail?e=4fcFRsvRcTwNfLV8niU3R5TgU2jJNKOfNNtsjZw%2F%2FoKZy4Po2MYueIehWjnU3Cvd7gzrSlCrnkFNCfBScJB3YqwbAntFj%2BXYEHpTAWQ%2BSRFp4exEq6u%2FYdx3wTUDTlcjqXT8BNPyRO2tUAWjn%2BOknP22e3eRtrr%2Fe6hVwoPYqIy%2Fczxa%2BhjACyzc2MbXbIJF2yyKL%2FuyTAI%3D&&app_pvid=59590_11.8.51.166_553_1590340138378&ptl=floorId:31507;app_pvid:59590_11.8.51.166_553_1590340138378;tpp_pvid:&union_lens=lensId%3AOPT%401590340138%400b0833a6_0f11_17247a8b768_4dfa%4001,￥F3UC1JOfCpZ￥,https://s.click.taobao.com/2Irlghv,否,,,,,
579133582232,桃乐丝之夜洛丽塔日常装原创和风Lolita裙子烫金金色稻荷JSK三型,https://img.alicdn.com/i2/1808251735/TB2iEv9HkKWBuNjy1zjXXcOypXa_!!1808251735.jpg,http://item.taobao.com/item.htm?id=579133582232,桃乐丝之夜DorisNightLolita洋装馆,428,0,1.5,5.67,verredejardin,https://s.click.taobao.com/z4tlghv,https://s.click.taobao.com/t?e=m%3D2%26s%3DBLDmo5p%2BmFpw4vFB6t2Z2ueEDrYVVa64juWlisr3dOdyINtkUhsv0L9eAJbfIZiWrl0NiRgnc5PtCmfOQUcFIlSwgggofB32be0285%2FWpbJH8YQcwA8a%2FBrCMvRnLmmTUyNpxLfgKr0jWpzpm6nEC5J55JeTbCYixijRmu2Mrvb6%2FdpLdBWMi8enmLI%2FGTYiomfkDJRs%2BhU%3D&union_lens=lensId%3AOPT%401590340138%400b0833a6_0f11_17247a8b7a2_4dfb%4001,￥3Qup1JOfFqh￥,9999,9424,50.0,2020-05-01 00:00:00,2020-05-31 23:59:59,https://uland.taobao.com/coupon/edetail?e=0SmTpUiwKcoNfLV8niU3R5TgU2jJNKOfNNtsjZw%2F%2FoIy7I3JRL1Nb9zMzQlKh0yxXPujBoig1AI%2FZStw2JAdeGuFqp8TFaHMNg4Gqf8CT4AHlkZsNEfWJQR6ZDoa%2BcUimMHpNfYdHdD%2FawWiow74mICnqiGk4FiOLJ3bdz5Kbzzmt4OzLcG%2BoXaC54LfKGbLonv6QcvcARY%3D&&app_pvid=59590_11.8.51.166_553_1590340138378&ptl=floorId:31507;app_pvid:59590_11.8.51.166_553_1590340138378;tpp_pvid:&union_lens=lensId%3AOPT%401590340138%400b0833a6_0f11_17247a8b7a2_4dfb%4001,￥fVi21JOUaF2￥,https://s.click.taobao.com/hdwlghv,否,,,,,
617014784433,日系软妹学院风甜美水手服海军领学生lolita洛丽塔少女萝莉连衣裙,https://img.alicdn.com/O1CN01OGjW0j2HojbvArtgE_!!2206901739198.jpg,http://item.taobao.com/item.htm?id=617014784433,跑地猪的潮流鞋店1号店,106.6,0,4.5,3.90,猪猪潮流精品店1号,https://s.click.taobao.com/SKtlghv,https://s.click.taobao.com/t?e=m%3D2%26s%3DSKCbh3%2BK2Ypw4vFB6t2Z2ueEDrYVVa64juWlisr3dOdyINtkUhsv0L9eAJbfIZiWrl0NiRgnc5PtCmfOQUcFIlSwgggofB32be0285%2FWpbJH8YQcwA8a%2FBrCMvRnLmmTUyNpxLfgKr0jWpzpm6nEC24ZLPDbb1oktcnLzUiCI3AcrElF8ksPaptT3HEdpQFdIYULNg46oBA%3D&union_lens=lensId%3AOPT%401590340139%400b0833a6_0f11_17247a8b7fc_4e0e%4001,￥HWua1JOfs4u￥,11111,11111,20.0,2020-04-28 00:00:00,2020-06-27 23:59:59,https://uland.taobao.com/coupon/edetail?e=ozPCSl9P8UUNfLV8niU3R5TgU2jJNKOfNNtsjZw%2F%2FoI%2BK6gLno80AzpWn9kvTr44r7UCkQeJbGVBYWzaQM8sM6wbAntFj%2BXYEHpTAWQ%2BSRFp4exEq6u%2FYdRAkuAiET6xIp3JPubfcwqtUAWjn%2BOknP22e3eRtrr%2Fe6hVwoPYqIy%2Fczxa%2BhjACyzc2MbXbIJF2yyKL%2FuyTAI%3D&&app_pvid=59590_11.8.51.166_553_1590340138378&ptl=floorId:31507;app_pvid:59590_11.8.51.166_553_1590340138378;tpp_pvid:&union_lens=lensId%3AOPT%401590340139%400b0833a6_0f11_17247a8b7fc_4e0e%4001,￥3r5v1JOUVZ5￥,https://s.click.taobao.com/68vlghv,否,,,,,
584815836074,原创国牌lolita洋装日常吊带连衣裙可爱蝴蝶结加冕熊印花软妹短裙,https://img.alicdn.com/i2/247807929/O1CN01cRdWuj28RWtW8qOiq_!!247807929.jpg,http://item.taobao.com/item.htm?id=584815836074,时裳lolita洋装,298,0,1.5,4.17,liyun1978,https://s.click.taobao.com/Ihzlghv,https://s.click.taobao.com/t?e=m%3D2%26s%3DzTV8zt3FIgtw4vFB6t2Z2ueEDrYVVa64juWlisr3dOdyINtkUhsv0L9eAJbfIZiWrl0NiRgnc5PtCmfOQUcFIlSwgggofB32be0285%2FWpbJH8YQcwA8a%2FBrCMvRnLmmTUyNpxLfgKr0jWpzpm6nEC6Zrd9VCZ2b1QnAyDeEV1rduc67RmO8BWZM7%2B6GsmlmU&union_lens=lensId%3AOPT%401590340139%400b0833a6_0f11_17247a8b82a_4e0f%4001,￥UqFt1JOU4TO￥,200,196,20.0,2020-05-12 00:00:00,2020-05-31 23:59:59,https://uland.taobao.com/coupon/edetail?e=JC8dV7xVR0wNfLV8niU3R5TgU2jJNKOfNNtsjZw%2F%2FoKIEmsTam0EFCrTwsABq0nkNJtPuzop284lLXqe8sUzPkgfTscre%2FnALGbJes29FQpPvIfMRZwc%2F32QTeZTDkMcDfqEFBOhTcy7%2FV%2BkFynd4lD2STGKf3MJvn17DJS%2B%2FCKi5QrILiXIZHt5XKRL3Y19&&app_pvid=59590_11.8.51.166_553_1590340138378&ptl=floorId:31507;app_pvid:59590_11.8.51.166_553_1590340138378;tpp_pvid:&union_lens=lensId%3AOPT%401590340139%400b0833a6_0f11_17247a8b82a_4e0f%4001,￥StHo1JOfeaQ￥,https://s.click.taobao.com/katlghv,否,,,,,
617683745028,原创Lolita古典设计洛丽塔天使jsk现货日常哥特洋装小仙女萝莉裙,https://img.alicdn.com/i2/2372984048/O1CN01UYZ6231fm1sBjLxyB_!!2372984048.jpg,http://item.taobao.com/item.htm?id=617683745028,喵柜原创工作室,269,0,1.35,3.29,zzzz123456_00,https://s.click.taobao.com/Zqtlghv,https://s.click.taobao.com/t?e=m%3D2%26s%3DEqL3nDOe0rFw4vFB6t2Z2ueEDrYVVa64juWlisr3dOdyINtkUhsv0L9eAJbfIZiWrl0NiRgnc5PtCmfOQUcFIlSwgggofB32be0285%2FWpbJH8YQcwA8a%2FBrCMvRnLmmTUyNpxLfgKr0jWpzpm6nEC07FSc%2FyET%2Fg1JOw6KhDXvTRaYKEJYqjDKpCu4yUVx94omfkDJRs%2BhU%3D&union_lens=lensId%3AOPT%401590340139%400b0833a6_0f11_17247a8b889_4e46%4001,￥Q6HZ1JOf6FM￥,1000,998,25.0,2020-05-05 00:00:00,2020-06-15 23:59:59,https://uland.taobao.com/coupon/edetail?e=R8Li%2BF%2Bm5jINfLV8niU3R5TgU2jJNKOfNNtsjZw%2F%2FoKDJnZW1ZQouLgTCf3qIJ4MWn8T55uwINEKPgOmUKpN4WuFqp8TFaHMNg4Gqf8CT4Ax2wjPNCUHAiFUs29W7GCAmMHpNfYdHdD%2FawWiow74mICnqiGk4FiOLJ3bdz5Kbzzmt4OzLcG%2BoXaC54LfKGbLonv6QcvcARY%3D&&app_pvid=59590_11.8.51.166_553_1590340138378&ptl=floorId:31507;app_pvid:59590_11.8.51.166_553_1590340138378;tpp_pvid:&union_lens=lensId%3AOPT%401590340139%400b0833a6_0f11_17247a8b889_4e46%4001,￥6pzR1JOfJLf￥,https://s.click.taobao.com/w4tlghv,否,,,,,
619227943332,樱洛芙洛丽塔小裙子 原创lolita 提琴猫咪JSK 高腰无袖洋装公主裙,https://img.alicdn.com/i3/3943659105/O1CN01Gm09JB2H88mUuIRhD_!!3943659105-0-lubanu-s.jpg,http://item.taobao.com/item.htm?id=619227943332,樱洛芙旗舰店,338,0,1.5,4.77,樱洛芙旗舰店,https://s.click.taobao.com/pg0mghv,https://s.click.taobao.com/t?e=m%3D2%26s%3DfVP9QTvFrV5w4vFB6t2Z2ueEDrYVVa64Dne87AjQPk9yINtkUhsv0L9eAJbfIZiWrl0NiRgnc5PtCmfOQUcFIlSwgggofB32be0285%2FWpbJH8YQcwA8a%2FBrCMvRnLmmTUyNpxLfgKr0jWpzpm6nEC3QRNbYxOB9wrnMvgJ72PEvCurv4zn0%2FdoS1U3Y%2BnDZ3omfkDJRs%2BhU%3D&union_lens=lensId%3AOPT%401590340139%400b0833a6_0f11_17247a8b8aa_4e47%4001,￥3X2o1JOfOtJ￥,10000,9737,20.0,2020-05-21 00:00:00,2020-05-31 23:59:59,https://uland.taobao.com/coupon/edetail?e=NMXbVzIWkuANfLV8niU3R5TgU2jJNKOfNNtsjZw%2F%2FoKtzK12jGM7ZTBD3RCNS8fDYcyBzgKn7Y3yvrhSdb8JYmuFqp8TFaHMNg4Gqf8CT4DDiwk8Z%2Bgav8OqPyS2UekCmMHpNfYdHdD%2FawWiow74mICnqiGk4FiOLJ3bdz5Kbzzmt4OzLcG%2Bof41o1IfXjc7onv6QcvcARY%3D&&app_pvid=59590_11.8.51.166_553_1590340138378&ptl=floorId:31507;app_pvid:59590_11.8.51.166_553_1590340138378;tpp_pvid:&union_lens=lensId%3AOPT%401590340139%400b0833a6_0f11_17247a8b8aa_4e47%4001,￥tmYs1JOfWzR￥,https://s.click.taobao.com/Cvzlghv,否,,,,,
616138401001,送发带人形师JSK吊带+长袖上衣OP套装洛丽塔日系软妹lolita洋装,https://img.alicdn.com/i2/405525447/O1CN01EScQaf1q6lxuEqTpB_!!405525447.jpg,http://item.taobao.com/item.htm?id=616138401001,一风卷云,288,0,4.5,12.06,朱子玉儿,https://s.click.taobao.com/bS1mghv,https://s.click.taobao.com/t?e=m%3D2%26s%3DNYt3qUctcD9w4vFB6t2Z2ueEDrYVVa64juWlisr3dOdyINtkUhsv0L9eAJbfIZiWrl0NiRgnc5PtCmfOQUcFIlSwgggofB32be0285%2FWpbJH8YQcwA8a%2FBrCMvRnLmmTUyNpxLfgKr0jWpzpm6nEC2AL%2F6baB%2B0scEVQ7MRFBZYoyHLiag5jE%2BsomMEHzjaA&union_lens=lensId%3AOPT%401590340139%400b0833a6_0f11_17247a8b8d2_4e48%4001,￥zjiu1JOfJDU￥,1000,998,20.0,2020-04-29 00:00:00,2020-05-31 23:59:59,https://uland.taobao.com/coupon/edetail?e=81ZWp2EIbXgNfLV8niU3R5TgU2jJNKOfNNtsjZw%2F%2FoIuZSB5ZJMo0BIjbKJZhgQSufnKlKFO5YVvyG5l61t7uUgfTscre%2FnALGbJes29FQoiaKlfu9ctULhUEiNwiFXaDfqEFBOhTcy7%2FV%2BkFynd4lD2STGKf3MJvn17DJS%2B%2FCKi5QrILiXIZHt5XKRL3Y19&&app_pvid=59590_11.8.51.166_553_1590340138378&ptl=floorId:31507;app_pvid:59590_11.8.51.166_553_1590340138378;tpp_pvid:&union_lens=lensId%3AOPT%401590340139%400b0833a6_0f11_17247a8b8d2_4e48%4001,￥VRJJ1JOfuLs￥,https://s.click.taobao.com/aS1mghv,否,,,,,
616645875733,现货jsk吊带蕾丝蝴蝶结洛丽塔少女lolita小高腰连衣裙,https://img.alicdn.com/i4/405525447/O1CN01yiZ0PQ1q6lxrpxklH_!!405525447.jpg,http://item.taobao.com/item.htm?id=616645875733,一风卷云,259,0,4.5,10.76,朱子玉儿,https://s.click.taobao.com/1hylghv,https://s.click.taobao.com/t?e=m%3D2%26s%3DE%2BEUeZw5oDxw4vFB6t2Z2ueEDrYVVa64juWlisr3dOdyINtkUhsv0L9eAJbfIZiWrl0NiRgnc5PtCmfOQUcFIlSwgggofB32be0285%2FWpbJH8YQcwA8a%2FBrCMvRnLmmTUyNpxLfgKr0jWpzpm6nEC2AL%2F6baB%2B0scEVQ7MRFBZaplq109flPBrA%2B3HyqJKtx&union_lens=lensId%3AOPT%401590340139%400b0833a6_0f11_17247a8b942_4f7b%4001,￥5RTU1JOfZoC￥,1000,998,20.0,2020-04-29 00:00:00,2020-05-31 23:59:59,https://uland.taobao.com/coupon/edetail?e=bFGiVxHtqcINfLV8niU3R5TgU2jJNKOfNNtsjZw%2F%2FoLaXZrvt%2FwLwIk3%2FF87UJ0sufnKlKFO5YVvyG5l61t7uUgfTscre%2FnALGbJes29FQoRVKjLm0aKIrEvfjidC665DfqEFBOhTcy7%2FV%2BkFynd4lD2STGKf3MJvn17DJS%2B%2FCKi5QrILiXIZHt5XKRL3Y19&&app_pvid=59590_11.8.51.166_553_1590340138378&ptl=floorId:31507;app_pvid:59590_11.8.51.166_553_1590340138378;tpp_pvid:&union_lens=lensId%3AOPT%401590340139%400b0833a6_0f11_17247a8b942_4f7b%4001,￥U9Sh1JOffDB￥,https://s.click.taobao.com/1Axlghv,否,,,,,
616322706820,夏季女大童洛丽塔洋装宫廷少女复古学生装流行黑暗系黑裙女仆短袖,https://img.alicdn.com/i2/175754641/TB14IbDCbr1gK0jSZFDq6z9yVXa?_!!0-item_pic.jpg,http://item.taobao.com/item.htm?id=616322706820,u[2207393923022],596.7,0,13.5,73.80,劳尚品贸,https://s.click.taobao.com/ZR0mghv,https://s.click.taobao.com/t?e=m%3D2%26s%3DbN7Mo6b2h1Bw4vFB6t2Z2ueEDrYVVa64juWlisr3dOdyINtkUhsv0L9eAJbfIZiWrl0NiRgnc5PtCmfOQUcFIlSwgggofB32be0285%2FWpbJH8YQcwA8a%2FBrCMvRnLmmTUyNpxLfgKr0jWpzpm6nECyi8pfpo52q9ivivyJjJGSuVnC4jspmNcJI45qvBnDUlIYULNg46oBA%3D&union_lens=lensId%3AOPT%401590340139%400b0833a6_0f11_17247a8b97b_4f7c%4001,￥l4Wb1JOfT59￥,9999,9991,50.0,2020-05-09 00:00:00,2020-06-16 23:59:59,https://uland.taobao.com/coupon/edetail?e=sVlygc7EZXINfLV8niU3R5TgU2jJNKOfNNtsjZw%2F%2FoJ80%2BoYhZWwpEVgV3YSSzKt45NJBiS1XufH6drqSOEDhawbAntFj%2BXYEHpTAWQ%2BSRFp4exEq6u%2FYROMlifcfjMNveoKTbJ3RpGtUAWjn%2BOknP22e3eRtrr%2Fe6hVwoPYqIy%2Fczxa%2BhjACyzc2MbXbIJF2yyKL%2FuyTAI%3D&&app_pvid=59590_11.8.51.166_553_1590340138378&ptl=floorId:31507;app_pvid:59590_11.8.51.166_553_1590340138378;tpp_pvid:&union_lens=lensId%3AOPT%401590340139%400b0833a6_0f11_17247a8b97b_4f7c%4001,￥3yz61JOU1PT￥,https://s.click.taobao.com/9mqlghv,否,,,,,
600332381955,原创2020秋新款洛丽塔森女软妹学生小皮鞋圆头蝴蝶结牛筋底玛丽珍,https://img.alicdn.com/i1/705917713/O1CN01QOMz4q26qbSHhPc3c_!!705917713.jpg,http://item.taobao.com/item.htm?id=600332381955,蝶尚秋原创森系手工定制,118,2,2.28,2.01,心动梦随,https://s.click.taobao.com/wrulghv,https://s.click.taobao.com/t?e=m%3D2%26s%3D81rRoeZJclNw4vFB6t2Z2ueEDrYVVa64juWlisr3dOdyINtkUhsv0L9eAJbfIZiWrl0NiRgnc5PtCmfOQUcFIlSwgggofB32be0285%2FWpbJH8YQcwA8a%2FBrCMvRnLmmTUyNpxLfgKr0jWpzpm6nEC55fnbrTRrVFJygjpB98ffQBM5gzmXMKo1MnTm5V9A5zcSpj5qSCmbA%3D&union_lens=lensId%3AOPT%401590340139%400b0833a6_0f11_17247a8b9a8_4fe3%4001,￥Jvio1JOfQ16￥,5000,4986,30.0,2020-05-12 00:00:00,2020-07-11 23:59:59,https://uland.taobao.com/coupon/edetail?e=WHclx6JTOYMNfLV8niU3R5TgU2jJNKOfNNtsjZw%2F%2FoKh6ZGFUlvY8krdUC7JdXoALfUB3AZ64140tCF%2BPIcUzLhtWWjRAlP0awvDoeqYhH2lZU%2BkHXOAC%2B93ABp4UBEvDfqEFBOhTcy7%2FV%2BkFynd4lD2STGKf3MJvn17DJS%2B%2FCKi5QrILiXIZHt5XKRL3Y19&&app_pvid=59590_11.8.51.166_553_1590340138378&ptl=floorId:31507;app_pvid:59590_11.8.51.166_553_1590340138378;tpp_pvid:&union_lens=lensId%3AOPT%401590340139%400b0833a6_0f11_17247a8b9a8_4fe3%4001,￥oBCL1JOfyq9￥,https://s.click.taobao.com/LNvlghv,是,,,,,
617999965673,圆头妹鞋少女制服花边皮鞋系洛丽塔软妹洛丽塔鞋鞋圆日系鞋玛丽珍,https://img.alicdn.com/i2/2207780994296/O1CN01VutWBB1hbc6CLKmCv_!!2207780994296.jpg,http://item.taobao.com/item.htm?id=617999965673,夏天家居用品生活馆,101.52,0,6.03,3.71,tb562698026,https://s.click.taobao.com/ZS1mghv,https://s.click.taobao.com/t?e=m%3D2%26s%3DLdxqquLlFYtw4vFB6t2Z2ueEDrYVVa64juWlisr3dOdyINtkUhsv0L9eAJbfIZiWrl0NiRgnc5PtCmfOQUcFIlSwgggofB32be0285%2FWpbJH8YQcwA8a%2FBrCMvRnLmmTUyNpxLfgKr0jWpzpm6nEC8AgpkDMGw0gLTv14gUJbX1cfm37xb4PJeEQsw9pKOds%2FV%2FDEg6eawuiZ%2BQMlGz6FQ%3D%3D&union_lens=lensId%3AOPT%401590340139%400b0833a6_0f11_17247a8b9c6_4fe4%4001,￥3BQC1JOfFdg￥,100000,99885,40.0,2020-05-17 00:00:00,2020-07-16 23:59:59,https://uland.taobao.com/coupon/edetail?e=aP%2BB%2BJvEOi8NfLV8niU3R5TgU2jJNKOfNNtsjZw%2F%2FoIRcyNTD8hf3kRE6dVJZJ0lsXx4eFrfEcdVMTW18RbH9umFKyIN1bVX65OH1WfUm95Uf2TiFOebewf9Ql9MT3XzrYNGWCYNSWGtUAWjn%2BOknP22e3eRtrr%2Fe6hVwoPYqIy%2Fczxa%2BhjACyzc2MbXbIJF2yyKL%2FuyTAI%3D&&app_pvid=59590_11.8.51.166_553_1590340138378&ptl=floorId:31507;app_pvid:59590_11.8.51.166_553_1590340138378;tpp_pvid:&union_lens=lensId%3AOPT%401590340139%400b0833a6_0f11_17247a8b9c6_4fe4%4001,￥88UL1JOfFqR￥,https://s.click.taobao.com/XLulghv,是,,,,,
617695921655,新款正品原创Lolita鞋日系花边圆头学生洛丽塔少女单皮鞋,https://img.alicdn.com/i4/2207996913724/O1CN01L06X7r1dNdY69GVpS_!!0-item_pic.jpg,http://item.taobao.com/item.htm?id=617695921655,Sunny晴天小屋,124.2,0,18,18.76,tb599975450,https://s.click.taobao.com/Hculghv,https://s.click.taobao.com/t?e=m%3D2%26s%3D3R7VEWMTUgVw4vFB6t2Z2ueEDrYVVa64juWlisr3dOdyINtkUhsv0L9eAJbfIZiWUNu%2BCzTYRaztCmfOQUcFIlSwgggofB32be0285%2FWpbJH8YQcwA8a%2FBrCMvRnLmmTUyNpxLfgKr0jWpzpm6nEC8ySa8p6m1EJoQ51yJxc1hqFNnvFjI%2FdNxJUvb%2FvIDUgIYULNg46oBA%3D&union_lens=lensId%3AOPT%401590340140%400b1a25eb_0e5d_17247a8bf0a_3e91%4001,￥f4cy1JOUTfe￥,9999,9745,20.0,2020-05-11 00:00:00,2020-05-25 23:59:59,https://uland.taobao.com/coupon/edetail?e=VoA5ZgEcipsNfLV8niU3R5TgU2jJNKOfNNtsjZw%2F%2FoIQ2CYEw2KMU6TaHpXpn0B1Ubb3glCqx3tpmIJE1iU%2FjqwbAntFj%2BXYEHpTAWQ%2BSRFp4exEq6u%2FYVDeGEOKuSuzx5taZQgP4Q6tUAWjn%2BOknP22e3eRtrr%2Fe6hVwoPYqIy%2Fczxa%2BhjACyzc2MbXbIJF2yyKL%2FuyTAI%3D&&app_pvid=59590_11.26.37.235_529_1590340140771&ptl=floorId:31507;app_pvid:59590_11.26.37.235_529_1590340140771;tpp_pvid:&union_lens=lensId%3AOPT%401590340140%400b1a25eb_0e5d_17247a8bf0a_3e91%4001,￥Nb7m1JOfOfF￥,https://s.click.taobao.com/GR0mghv,否,,,,,
615658601035,高跟鞋女2020春款黑色一字带粗跟洛丽塔鞋子真皮百搭漆皮春秋单鞋,https://img.alicdn.com/i1/2207829755918/O1CN01Hhng2J1taUVbNB2yz_!!0-item_pic.jpg,http://item.taobao.com/item.htm?id=615658601035,美丽驿站工厂店,245.1,0,11.25,25.32,安好与你,https://s.click.taobao.com/DKtlghv,https://s.click.taobao.com/t?e=m%3D2%26s%3DP7Z%2BJ1xn6Ppw4vFB6t2Z2ueEDrYVVa64juWlisr3dOdyINtkUhsv0L9eAJbfIZiWUNu%2BCzTYRaztCmfOQUcFIlSwgggofB32be0285%2FWpbJH8YQcwA8a%2FBrCMvRnLmmTUyNpxLfgKr0jWpzpm6nECwg59g4myQdY5EqG%2FYnwlRMhL1MvIf6fZ%2F3F44YPd%2FHcIYULNg46oBA%3D&union_lens=lensId%3AOPT%401590340140%400b1a25eb_0e5d_17247a8bf58_3e9e%4001,￥7hT81JOf7qd￥,10000,9983,20.0,2020-04-26 00:00:00,2020-05-30 23:59:59,https://uland.taobao.com/coupon/edetail?e=Cc0LAEUX26cNfLV8niU3R5TgU2jJNKOfNNtsjZw%2F%2FoKIk%2BQZvzZxMhip6FtXelG%2FdjUu6OcJH7fujHD4yeoGCawbAntFj%2BXYEHpTAWQ%2BSRFp4exEq6u%2FYVv4s9dhkBMFnIU%2B0z%2FCBUetUAWjn%2BOknP22e3eRtrr%2Fe6hVwoPYqIy%2Fczxa%2BhjACyzc2MbXbIJF2yyKL%2FuyTAI%3D&&app_pvid=59590_11.26.37.235_529_1590340140771&ptl=floorId:31507;app_pvid:59590_11.26.37.235_529_1590340140771;tpp_pvid:&union_lens=lensId%3AOPT%401590340140%400b1a25eb_0e5d_17247a8bf58_3e9e%4001,￥iCQ71JOUc5l￥,https://s.click.taobao.com/etwlghv,否,,,,,
618268734039,法式复古玛丽珍鞋女中跟一字扣平底真皮女鞋洛丽塔jk鞋子,https://img.alicdn.com/i4/2200640925462/O1CN01TcaXLm1qDduaQLOHy_!!2200640925462.jpg,http://item.taobao.com/item.htm?id=618268734039,孤芳自赏潮流服饰,286,0,9,23.49,福莉商贸店,https://s.click.taobao.com/gHrlghv,https://s.click.taobao.com/t?e=m%3D2%26s%3DwMpGtgZUKm5w4vFB6t2Z2ueEDrYVVa64juWlisr3dOdyINtkUhsv0L9eAJbfIZiWUNu%2BCzTYRaztCmfOQUcFIlSwgggofB32be0285%2FWpbJH8YQcwA8a%2FBrCMvRnLmmTUyNpxLfgKr0jWpzpm6nEC%2FC7QsmVQ1IfU7ImAczksQjOh%2BEu62XDdyJ9DeNOMJz4IYULNg46oBA%3D&union_lens=lensId%3AOPT%401590340140%400b1a25eb_0e5d_17247a8bfc1_3e9f%4001,￥vOZs1JOfA5G￥,9999,9999,25.0,2020-04-25 00:00:00,2020-06-20 23:59:59,https://uland.taobao.com/coupon/edetail?e=vUo2NhBn8uANfLV8niU3R5TgU2jJNKOfNNtsjZw%2F%2FoImOcTB7QsZJpkH1THqhsTeSHV6UhtxmtMt1SievNtN0KwbAntFj%2BXYEHpTAWQ%2BSRFp4exEq6u%2FYQfyjT%2FFuF3H6h1eBz5C8KCtUAWjn%2BOknP22e3eRtrr%2Fe6hVwoPYqIy%2Fczxa%2BhjACyzc2MbXbIJF2yyKL%2FuyTAI%3D&&app_pvid=59590_11.26.37.235_529_1590340140771&ptl=floorId:31507;app_pvid:59590_11.26.37.235_529_1590340140771;tpp_pvid:&union_lens=lensId%3AOPT%401590340140%400b1a25eb_0e5d_17247a8bfc1_3e9f%4001,￥gEVZ1JOfFym￥,https://s.click.taobao.com/Natlghv,否,,,,,
572743165554,DFL英伦小皮鞋女原宿平底休闲鞋学院风单鞋软妹复古洛丽塔布,https://img.alicdn.com/i1/3785822393/TB1vK0utcyYBuNkSnfoXXcWgVXa_!!0-item_pic.jpg,http://item.taobao.com/item.htm?id=572743165554,蝶芙伦旗舰店,780.8,0,2.7,18.92,蝶芙伦旗舰店,https://s.click.taobao.com/dC1mghv,https://s.click.taobao.com/t?e=m%3D2%26s%3DodRcrinxwnRw4vFB6t2Z2ueEDrYVVa64Dne87AjQPk9yINtkUhsv0L9eAJbfIZiWUNu%2BCzTYRaztCmfOQUcFIlSwgggofB32be0285%2FWpbJH8YQcwA8a%2FBrCMvRnLmmTUyNpxLfgKr0jWpzpm6nECzKsi1S%2BV9XmR0cxAspr7JbK0I1zzSS0v9YYlGsbjp61omfkDJRs%2BhU%3D&union_lens=lensId%3AOPT%401590340141%400b1a25eb_0e5d_17247a8bfeb_3eac%4001,￥GEot1JOfkRC￥,10000,9673,80.0,2020-04-10 00:00:00,2020-05-31 23:59:59,https://uland.taobao.com/coupon/edetail?e=HuElzFIYzl0NfLV8niU3R5TgU2jJNKOfNNtsjZw%2F%2FoLM71kQ6kh5G7D6V2UXbWP2CHcRV3Z0tSwZxZ1bK5eBy2uFqp8TFaHMNg4Gqf8CT4D9syOSC67P5LVTNlTCgmmvmMHpNfYdHdD%2FawWiow74mICnqiGk4FiOLJ3bdz5Kbzzmt4OzLcG%2Bof41o1IfXjc7onv6QcvcARY%3D&&app_pvid=59590_11.26.37.235_529_1590340140771&ptl=floorId:31507;app_pvid:59590_11.26.37.235_529_1590340140771;tpp_pvid:&union_lens=lensId%3AOPT%401590340141%400b1a25eb_0e5d_17247a8bfeb_3eac%4001,￥yEqM1JOfhwL￥,https://s.click.taobao.com/1mqlghv,否,,,,,
565489337699,女鞋夏甜美高跟鞋洛丽塔鞋子日系lolita鞋公主鞋蕾丝蝴蝶结单鞋女,https://img.alicdn.com/i3/3785822393/TB1NiYPcXuWBuNjSspnXXX1NVXa_!!0-item_pic.jpg,http://item.taobao.com/item.htm?id=565489337699,蝶芙伦旗舰店,425.6,0,2.7,10.68,蝶芙伦旗舰店,https://s.click.taobao.com/lgylghv,https://s.click.taobao.com/t?e=m%3D2%26s%3D%2BOufAIb0zfdw4vFB6t2Z2ueEDrYVVa64Dne87AjQPk9yINtkUhsv0L9eAJbfIZiWUNu%2BCzTYRaztCmfOQUcFIlSwgggofB32be0285%2FWpbJH8YQcwA8a%2FBrCMvRnLmmTUyNpxLfgKr0jWpzpm6nECzKsi1S%2BV9XmR0cxAspr7JaxD7J4d%2BOUV1X7kflhlMzbomfkDJRs%2BhU%3D&union_lens=lensId%3AOPT%401590340141%400b1a25eb_0e5d_17247a8c00d_3ead%4001,￥QSWe1JOfdj0￥,1000,842,30.0,2020-05-18 00:00:00,2020-06-30 23:59:59,https://uland.taobao.com/coupon/edetail?e=%2Fra9sDWwg84NfLV8niU3R5TgU2jJNKOfNNtsjZw%2F%2FoJg2ZVcUROQvzwprcywNVxRCHcRV3Z0tSwZxZ1bK5eBy2uFqp8TFaHMNg4Gqf8CT4AhS5YR5WUc689QmkKDgCKnmMHpNfYdHdD%2FawWiow74mICnqiGk4FiOLJ3bdz5Kbzzmt4OzLcG%2Bof41o1IfXjc7onv6QcvcARY%3D&&app_pvid=59590_11.26.37.235_529_1590340140771&ptl=floorId:31507;app_pvid:59590_11.26.37.235_529_1590340140771;tpp_pvid:&union_lens=lensId%3AOPT%401590340141%400b1a25eb_0e5d_17247a8c00d_3ead%4001,￥UhsV1JOU0ph￥,https://s.click.taobao.com/guxlghv,否,,,,,
566009361230,蝶芙伦甜美高跟鞋洛丽塔鞋日系lolita鞋公主中跟蝴蝶结单鞋女粗跟,https://img.alicdn.com/i4/3785822393/TB19fipd7CWBuNjy0FaXXXUlXXa_!!0-item_pic.jpg,http://item.taobao.com/item.htm?id=566009361230,蝶芙伦旗舰店,556,0,2.7,13.66,蝶芙伦旗舰店,https://s.click.taobao.com/02rlghv,https://s.click.taobao.com/t?e=m%3D2%26s%3DZ5pYJ6%2BYvZZw4vFB6t2Z2ueEDrYVVa64Dne87AjQPk9yINtkUhsv0L9eAJbfIZiWUNu%2BCzTYRaztCmfOQUcFIlSwgggofB32be0285%2FWpbJH8YQcwA8a%2FBrCMvRnLmmTUyNpxLfgKr0jWpzpm6nECzKsi1S%2BV9XmR0cxAspr7JaBHiJsAv7ucbNd%2Fb8n8tIwomfkDJRs%2BhU%3D&union_lens=lensId%3AOPT%401590340141%400b1a25eb_0e5d_17247a8c084_3f14%4001,￥tcWd1JOU1H1￥,2000,1500,50.0,2020-05-03 00:00:00,2020-07-02 23:59:59,https://uland.taobao.com/coupon/edetail?e=cSMCb5Jwn0ANfLV8niU3R5TgU2jJNKOfNNtsjZw%2F%2FoI0NYSp2fRpL8ow7R7uM9wXCHcRV3Z0tSwZxZ1bK5eBy2uFqp8TFaHMNg4Gqf8CT4Af%2B34oTc069oPmWevceJnZmMHpNfYdHdD%2FawWiow74mICnqiGk4FiOLJ3bdz5Kbzzmt4OzLcG%2Bof41o1IfXjc7onv6QcvcARY%3D&&app_pvid=59590_11.26.37.235_529_1590340140771&ptl=floorId:31507;app_pvid:59590_11.26.37.235_529_1590340140771;tpp_pvid:&union_lens=lensId%3AOPT%401590340141%400b1a25eb_0e5d_17247a8c084_3f14%4001,￥mqij1JOU4vh￥,https://s.click.taobao.com/M6ulghv,否,,,,,
615633217990,樱洛芙原创lolita 2020超值福袋洛丽塔盲袋限量99个付款减库存,https://img.alicdn.com/i1/3074241220/O1CN0196wAZA1KsnnJpv2qh_!!3074241220.jpg,http://item.taobao.com/item.htm?id=615633217990,樱洛芙销售店,360,4,0.9,3.06,汉中影漫直销,https://s.click.taobao.com/x1rlghv,https://s.click.taobao.com/t?e=m%3D2%26s%3DpuaUzOPundRw4vFB6t2Z2ueEDrYVVa64juWlisr3dOdyINtkUhsv0L9eAJbfIZiWUNu%2BCzTYRaztCmfOQUcFIlSwgggofB32be0285%2FWpbJH8YQcwA8a%2FBrCMvRnLmmTUyNpxLfgKr0jWpzpm6nEC9cs1XpgOey6CnoqCrsU0LnkoJWRRBeLGW9o0nyBVS7JomfkDJRs%2BhU%3D&union_lens=lensId%3AOPT%401590340141%400b1a25eb_0e5d_17247a8c0d3_3f15%4001,￥KQbU1JOfFdl￥,1000,800,20.0,2020-05-13 00:00:00,2020-05-31 23:59:59,https://uland.taobao.com/coupon/edetail?e=3vnuGKRrKcENfLV8niU3R5TgU2jJNKOfNNtsjZw%2F%2FoKT2D5EkODQremgUOjy77Q0xdHxAWvmsZJYfP1z%2Fydr%2B2uFqp8TFaHMNg4Gqf8CT4AUZW6lGvkwy4Wix3ddEoAlmMHpNfYdHdD%2FawWiow74mICnqiGk4FiOLJ3bdz5Kbzzmt4OzLcG%2BoXaC54LfKGbLonv6QcvcARY%3D&&app_pvid=59590_11.26.37.235_529_1590340140771&ptl=floorId:31507;app_pvid:59590_11.26.37.235_529_1590340140771;tpp_pvid:&union_lens=lensId%3AOPT%401590340141%400b1a25eb_0e5d_17247a8c0d3_3f15%4001,￥RbUX1JOUWyD￥,https://s.click.taobao.com/Xoslghv,否,,,,,
604933346249,蝶尚秋日系复古学生洛丽塔黑色小皮鞋玛丽珍一字扣软妹制服学院风,https://img.alicdn.com/i4/705917713/O1CN01361gJc26qbSOcxHsE_!!705917713.jpg,http://item.taobao.com/item.htm?id=604933346249,蝶尚秋原创森系手工定制,248,0,2.55,5.56,心动梦随,https://s.click.taobao.com/FJslghv,https://s.click.taobao.com/t?e=m%3D2%26s%3DA9EIdQAFWKBw4vFB6t2Z2ueEDrYVVa64juWlisr3dOdyINtkUhsv0L9eAJbfIZiWUNu%2BCzTYRaztCmfOQUcFIlSwgggofB32be0285%2FWpbJH8YQcwA8a%2FBrCMvRnLmmTUyNpxLfgKr0jWpzpm6nEC55fnbrTRrVFJygjpB98ffRPzOTHODUYw3AGrY%2FBh3F8cSpj5qSCmbA%3D&union_lens=lensId%3AOPT%401590340141%400b1a25eb_0e5d_17247a8c0ec_3f16%4001,￥M24V1JOUbRs￥,5000,4986,30.0,2020-05-12 00:00:00,2020-07-11 23:59:59,https://uland.taobao.com/coupon/edetail?e=qQEfelJSDB4NfLV8niU3R5TgU2jJNKOfNNtsjZw%2F%2FoKQoMtDjXfAafrXTzYY0SRRLfUB3AZ64140tCF%2BPIcUzLhtWWjRAlP0awvDoeqYhH1fkVPMuzYuoTXiYiKsX8X0DfqEFBOhTcy7%2FV%2BkFynd4lD2STGKf3MJvn17DJS%2B%2FCKi5QrILiXIZHt5XKRL3Y19&&app_pvid=59590_11.26.37.235_529_1590340140771&ptl=floorId:31507;app_pvid:59590_11.26.37.235_529_1590340140771;tpp_pvid:&union_lens=lensId%3AOPT%401590340141%400b1a25eb_0e5d_17247a8c0ec_3f16%4001,￥oX681JOU0DD￥,https://s.click.taobao.com/xvylghv,是,,,,,
616949307036,lo袜洛丽塔袜子jk袜子短可爱夏天堆堆袜个性薄款公主花边袜子少女,https://img.alicdn.com/i2/2206983530801/O1CN01K3dkXy1xHUXryNJq6-1878526418.jpg,http://item.taobao.com/item.htm?id=616949307036,d[s350177427],74.27,0,18.09,6.20,tb014194409,https://s.click.taobao.com/jRzlghv,https://s.click.taobao.com/t?e=m%3D2%26s%3DnRNw6cP5hT9w4vFB6t2Z2ueEDrYVVa64juWlisr3dOdyINtkUhsv0L9eAJbfIZiWUNu%2BCzTYRaztCmfOQUcFIlSwgggofB32be0285%2FWpbJH8YQcwA8a%2FBrCMvRnLmmTUyNpxLfgKr0jWpzpm6nEC6oehrx84szbN481rKQcBCQlBQrWcnod7HqR%2FTn9hMVaIYULNg46oBA%3D&union_lens=lensId%3AOPT%401590340141%400b1a25eb_0e5d_17247a8c109_3f17%4001,￥8hBt1JOfJ7p￥,100000,99815,40.0,2020-05-15 00:00:00,2020-06-29 23:59:59,https://uland.taobao.com/coupon/edetail?e=a5TBYkyFsDQNfLV8niU3R5TgU2jJNKOfNNtsjZw%2F%2FoIrpplYYxzidC3SRW4Q5%2F%2FRw6OB%2BUf4FhRxYwT4SPsjRKwbAntFj%2BXYEHpTAWQ%2BSRFp4exEq6u%2FYcPp%2BWgT2%2FBaXFNvGt2iZJ%2BtUAWjn%2BOknP22e3eRtrr%2Fe6hVwoPYqIy%2Fczxa%2BhjACyzc2MbXbIJF2yyKL%2FuyTAI%3D&&app_pvid=59590_11.26.37.235_529_1590340140771&ptl=floorId:31507;app_pvid:59590_11.26.37.235_529_1590340140771;tpp_pvid:&union_lens=lensId%3AOPT%401590340141%400b1a25eb_0e5d_17247a8c109_3f17%4001,￥8W4j1JOUg9X￥,https://s.click.taobao.com/iRzlghv,否,,,,,
609110982025,洛丽塔系列S925纯银项链女锁骨链网红双色生日礼物,https://img.alicdn.com/i2/682218427/O1CN01jY8cbK2C7cDpuVOWV_!!2-item_pic.png,http://item.taobao.com/item.htm?id=609110982025,蓝祺旗舰店,485.85,0,0.9,4.15,蓝祺旗舰店,https://s.click.taobao.com/rh1mghv,https://s.click.taobao.com/t?e=m%3D2%26s%3DyX5zC79syYpw4vFB6t2Z2ueEDrYVVa64Dne87AjQPk9yINtkUhsv0L9eAJbfIZiWUNu%2BCzTYRaztCmfOQUcFIlSwgggofB32be0285%2FWpbJH8YQcwA8a%2FBrCMvRnLmmTUyNpxLfgKr0jWpzpm6nEC%2BgenIippYYM9k514zoV0xaLhyO3DRm2qR0DzSeJLNw8&union_lens=lensId%3AOPT%401590340141%400b1a25eb_0e5d_17247a8c156_3f38%4001,￥iXvE1JOf3f6￥,100000,99196,25.0,2020-05-01 00:00:00,2020-06-30 23:59:59,https://uland.taobao.com/coupon/edetail?e=mW%2BuBf0%2FVhENfLV8niU3R5TgU2jJNKOfNNtsjZw%2F%2FoILg4G%2FJ5gQTRIlbYLcbwDlrkNf3ciZkmtvyG5l61t7uUgfTscre%2FnALGbJes29FQpKiOotBkX8Ib1rXol%2FNcqZDfqEFBOhTcy7%2FV%2BkFynd4lD2STGKf3MJvn17DJS%2B%2FCKi5QrILiXIZKo137vIlRNq&&app_pvid=59590_11.26.37.235_529_1590340140771&ptl=floorId:31507;app_pvid:59590_11.26.37.235_529_1590340140771;tpp_pvid:&union_lens=lensId%3AOPT%401590340141%400b1a25eb_0e5d_17247a8c156_3f38%4001,￥bnkr1JOUdxP￥,https://s.click.taobao.com/obvlghv,否,,,,,
591019955600,KXDUN/卡希盾JG小狗颈链洛丽塔锁骨链脖子饰品choker颈带森JZ0402,https://img.alicdn.com/i4/3448021241/O1CN01nPcCKH1L2Q1wbR38r_!!0-item_pic.jpg,http://item.taobao.com/item.htm?id=591019955600,卡希盾旗舰店,1176,0,7.2,77.47,卡希盾旗舰店,https://s.click.taobao.com/vlqlghv,https://s.click.taobao.com/t?e=m%3D2%26s%3DYm0T6OP2YKBw4vFB6t2Z2ueEDrYVVa64Dne87AjQPk9yINtkUhsv0L9eAJbfIZiWUNu%2BCzTYRaztCmfOQUcFIlSwgggofB32be0285%2FWpbJH8YQcwA8a%2FBrCMvRnLmmTUyNpxLfgKr0jWpzpm6nEC8Me5zbneVYmA1%2FbJF3a%2BXuniwXKAKIEt4%2BvhbhbaXa6omfkDJRs%2BhU%3D&union_lens=lensId%3AOPT%401590340141%400b1a25eb_0e5d_17247a8c18f_3f39%4001,￥nJck1JOUg92￥,1000,487,100.0,2020-05-03 00:00:00,2020-05-31 23:59:59,https://uland.taobao.com/coupon/edetail?e=ynjvJENCIVYNfLV8niU3R5TgU2jJNKOfNNtsjZw%2F%2FoJxtjsw3NN4WVuXIh8dLsQFzY9WPRlc5VklTId3TxKLoGuFqp8TFaHMNg4Gqf8CT4AHs4GJRHzEIA8Ywpyj88HfmMHpNfYdHdD%2FawWiow74mICnqiGk4FiOLJ3bdz5Kbzzmt4OzLcG%2Bof41o1IfXjc7onv6QcvcARY%3D&&app_pvid=59590_11.26.37.235_529_1590340140771&ptl=floorId:31507;app_pvid:59590_11.26.37.235_529_1590340140771;tpp_pvid:&union_lens=lensId%3AOPT%401590340141%400b1a25eb_0e5d_17247a8c18f_3f39%4001,￥5fAr1JOU39X￥,https://s.click.taobao.com/Ytwlghv,否,,,,,
606813488156,KXDUN/卡希盾黑色颈带choker脖子饰品项圈洛丽塔锁骨链颈带gs1105,https://img.alicdn.com/i2/3448021241/O1CN01KBZoQe1L2Q5UYkSKI_!!0-item_pic.jpg,http://item.taobao.com/item.htm?id=606813488156,卡希盾旗舰店,1260,0,7.2,83.52,卡希盾旗舰店,https://s.click.taobao.com/frulghv,https://s.click.taobao.com/t?e=m%3D2%26s%3D78g%2BoS4PyKhw4vFB6t2Z2ueEDrYVVa64Dne87AjQPk9yINtkUhsv0L9eAJbfIZiWUNu%2BCzTYRaztCmfOQUcFIlSwgggofB32be0285%2FWpbJH8YQcwA8a%2FBrCMvRnLmmTUyNpxLfgKr0jWpzpm6nEC8Me5zbneVYmXI2vV12TdP0nwzjhhKALEF0eTemZT1a6omfkDJRs%2BhU%3D&union_lens=lensId%3AOPT%401590340141%400b1a25eb_0e5d_17247a8c28e_3f3d%4001,￥l9Yw1JOfBQu￥,1000,487,100.0,2020-05-03 00:00:00,2020-05-31 23:59:59,https://uland.taobao.com/coupon/edetail?e=L%2FbS%2F4Cvt2oNfLV8niU3R5TgU2jJNKOfNNtsjZw%2F%2FoIOUKf8GwttSz7rkQNBNZKNzY9WPRlc5VklTId3TxKLoGuFqp8TFaHMNg4Gqf8CT4DGvbefsuNRYO8ORaKF7lUgmMHpNfYdHdD%2FawWiow74mICnqiGk4FiOLJ3bdz5Kbzzmt4OzLcG%2Bof41o1IfXjc7onv6QcvcARY%3D&&app_pvid=59590_11.26.37.235_529_1590340140771&ptl=floorId:31507;app_pvid:59590_11.26.37.235_529_1590340140771;tpp_pvid:&union_lens=lensId%3AOPT%401590340141%400b1a25eb_0e5d_17247a8c28e_3f3d%4001,￥rQCN1JOU39d￥,https://s.click.taobao.com/kQylghv,否,,,,,
577020193823,桃乐丝之夜复古提花棉灯笼长袖荷叶边立领女士衬衣Lolita名伶之夏,https://img.alicdn.com/i1/1808251735/TB2afpxpndYBeNkSmLyXXXfnVXa_!!1808251735.jpg,http://item.taobao.com/item.htm?id=577020193823,桃乐丝之夜DorisNightLolita洋装馆,198,10,1.5,2.67,verredejardin,https://s.click.taobao.com/2Ktlghv,https://s.click.taobao.com/t?e=m%3D2%26s%3DdzVozLu2Epdw4vFB6t2Z2ueEDrYVVa64juWlisr3dOdyINtkUhsv0L9eAJbfIZiWUNu%2BCzTYRaztCmfOQUcFIlSwgggofB32be0285%2FWpbJH8YQcwA8a%2FBrCMvRnLmmTUyNpxLfgKr0jWpzpm6nEC5J55JeTbCYivxb2Ga8ih5eJIwrJqWEBlHs2W4oQkUJnxgxdTc00KD8%3D&union_lens=lensId%3AOPT%401590340141%400b1a25eb_0e5d_17247a8c2ba_3f3e%4001,￥gTVu1JOUc5N￥,9999,9604,20.0,2020-05-01 00:00:00,2020-05-31 23:59:59,https://uland.taobao.com/coupon/edetail?e=J0RURnHdbocNfLV8niU3R5TgU2jJNKOfNNtsjZw%2F%2FoIEHPNODfuFmrPpaBE3IXibXPujBoig1AI%2FZStw2JAdeMuRTiT9oEhVZV8pr6FWc0Pc%2BqPReYDChIW%2F7jjuHpq9mMHpNfYdHdD%2FawWiow74mICnqiGk4FiOLJ3bdz5Kbzzmt4OzLcG%2BoXaC54LfKGbLonv6QcvcARY%3D&&app_pvid=59590_11.26.37.235_529_1590340140771&ptl=floorId:31507;app_pvid:59590_11.26.37.235_529_1590340140771;tpp_pvid:&union_lens=lensId%3AOPT%401590340141%400b1a25eb_0e5d_17247a8c2ba_3f3e%4001,￥wOJc1JOfMpx￥,https://s.click.taobao.com/Kdwlghv,是,,,,,
615476954834,lolita之梦*《云景深处》提花面料重工短袖OP,https://img.alicdn.com/i3/32581501/O1CN01D5l9DB1MxV5QiwMcO_!!32581501-0-lubanu-s.jpg,http://item.taobao.com/item.htm?id=615476954834,lolita之梦,365,7,3.3,11.06,lolita之梦,https://s.click.taobao.com/duxlghv,https://s.click.taobao.com/t?e=m%3D2%26s%3DKXOkmccrovRw4vFB6t2Z2ueEDrYVVa64juWlisr3dOdyINtkUhsv0L9eAJbfIZiWUNu%2BCzTYRaztCmfOQUcFIlSwgggofB32be0285%2FWpbJH8YQcwA8a%2FBrCMvRnLmmTUyNpxLfgKr0jWpzpm6nEC%2BVJ2g65hxvQCzkS%2FyWC8nRhvgYkfUOLf0x0inWuvg%2Fd&union_lens=lensId%3AOPT%401590340141%400b1a25eb_0e5d_17247a8c301_3f42%4001,￥uZ6u1JOUXTL￥,100,68,30.0,2020-05-05 00:00:00,2020-06-30 23:59:59,https://uland.taobao.com/coupon/edetail?e=Ywn5Uy61Tt0NfLV8niU3R5TgU2jJNKOfNNtsjZw%2F%2FoKOeKWL8R8c%2BepIbH4MpbFfQUjAfP1J0FlJKTHQYKz89LtHdDu1dSGb65OH1WfUm94MR5SpFsXq1ZGfqnvRmGUYrwGSVh%2BekNmXsZNwXFgDG0KAyzOK%2B4%2F8jr1J2PdDxy3TW%2FoVcZ9tx2uhcEU%2FqjP4&&app_pvid=59590_11.26.37.235_529_1590340140771&ptl=floorId:31507;app_pvid:59590_11.26.37.235_529_1590340140771;tpp_pvid:&union_lens=lensId%3AOPT%401590340141%400b1a25eb_0e5d_17247a8c301_3f42%4001,￥zGxL1JOfOtA￥,https://s.click.taobao.com/9Owlghv,否,,,,,
610811325538,正版可爱女装洛丽搭少女lolita甜美裙子女童萝莉法式连衣裙古着裙,https://img.alicdn.com/i2/129126358/O1CN01GjDj751wq0mjJaGlQ_!!129126358.jpg,http://item.taobao.com/item.htm?id=610811325538,猫咪与草莓甜点,275,1,4.5,11.48,不知先知88,https://s.click.taobao.com/d9xlghv,https://s.click.taobao.com/t?e=m%3D2%26s%3Dar3Cfwi7I2Bw4vFB6t2Z2ueEDrYVVa64juWlisr3dOdyINtkUhsv0L9eAJbfIZiWUNu%2BCzTYRaztCmfOQUcFIlSwgggofB32be0285%2FWpbJH8YQcwA8a%2FBrCMvRnLmmTUyNpxLfgKr0jWpzpm6nEC4jxevFo9nIfG8ISyopiJuaU09UZDCRPU5K0HsrkTuIA&union_lens=lensId%3AOPT%401590340141%400b1a25eb_0e5d_17247a8c330_3f43%4001,￥b8aC1JOUZMA￥,100000,99877,20.0,2020-04-01 00:00:00,2020-05-31 23:59:59,https://uland.taobao.com/coupon/edetail?e=Nof%2Fu8x1QD8NfLV8niU3R5TgU2jJNKOfNNtsjZw%2F%2FoJ80G2Sog7sI0kf7a02q5i683%2BMj2h2Yy0WML1e4CRM10gfTscre%2FnALGbJes29FQohledzzC4V9H5Vuvyc97EiDfqEFBOhTcy7%2FV%2BkFynd4lD2STGKf3MJvn17DJS%2B%2FCKi5QrILiXIZHt5XKRL3Y19&&app_pvid=59590_11.26.37.235_529_1590340140771&ptl=floorId:31507;app_pvid:59590_11.26.37.235_529_1590340140771;tpp_pvid:&union_lens=lensId%3AOPT%401590340141%400b1a25eb_0e5d_17247a8c330_3f43%4001,￥qr9j1JOfjbS￥,https://s.click.taobao.com/sgzlghv,否,,,,,
580520514313,樱洛芙原创lolita雪国少女长袖op连衣裙黑色复古公主裙日系暗黑风,https://img.alicdn.com/i1/3943659105/O1CN01NvELor2H88f74ODOC_!!0-item_pic.jpg,http://item.taobao.com/item.htm?id=580520514313,樱洛芙旗舰店,349,3,1.5,4.94,樱洛芙旗舰店,https://s.click.taobao.com/9culghv,https://s.click.taobao.com/t?e=m%3D2%26s%3D12z1eEEKHNhw4vFB6t2Z2ueEDrYVVa64Dne87AjQPk9yINtkUhsv0L9eAJbfIZiWUNu%2BCzTYRaztCmfOQUcFIlSwgggofB32be0285%2FWpbJH8YQcwA8a%2FBrCMvRnLmmTUyNpxLfgKr0jWpzpm6nEC3QRNbYxOB9wp2%2F8dtt6CbfiNve9qVde5zrfN2v3ZLjyomfkDJRs%2BhU%3D&union_lens=lensId%3AOPT%401590340141%400b1a25eb_0e5d_17247a8c36e_3f47%4001,￥fN3F1JOfhhC￥,10000,9737,20.0,2020-05-21 00:00:00,2020-05-31 23:59:59,https://uland.taobao.com/coupon/edetail?e=f%2FzBiOOgM8MNfLV8niU3R5TgU2jJNKOfNNtsjZw%2F%2FoLUUS9FlFpOh0JdQq92BdpdYcyBzgKn7Y3yvrhSdb8JYmuFqp8TFaHMNg4Gqf8CT4DcBxuLp4AwT0N340gEb70TmMHpNfYdHdD%2FawWiow74mICnqiGk4FiOLJ3bdz5Kbzzmt4OzLcG%2Bof41o1IfXjc7onv6QcvcARY%3D&&app_pvid=59590_11.26.37.235_529_1590340140771&ptl=floorId:31507;app_pvid:59590_11.26.37.235_529_1590340140771;tpp_pvid:&union_lens=lensId%3AOPT%401590340141%400b1a25eb_0e5d_17247a8c36e_3f47%4001,￥MJEF1JOfHlA￥,https://s.click.taobao.com/Jdwlghv,否,,,,,
615984587814,逗酱原创Lolita圣诞水晶球雪人复古宫廷缎面反光灰春秋长袖连衣裙,https://img.alicdn.com/i3/2207763790809/O1CN01JcNZGb1HqZ0lwrBcb_!!2207763790809.jpg,http://item.taobao.com/item.htm?id=615984587814,秋天的童话镇,247,0,4.5,9.77,tb335987311,https://s.click.taobao.com/jB0mghv,https://s.click.taobao.com/t?e=m%3D2%26s%3Dem1XOvK5V9Vw4vFB6t2Z2ueEDrYVVa64juWlisr3dOdyINtkUhsv0L9eAJbfIZiWUNu%2BCzTYRaztCmfOQUcFIlSwgggofB32be0285%2FWpbJH8YQcwA8a%2FBrCMvRnLmmTUyNpxLfgKr0jWpzpm6nEC0ys9rYqtBRz75wrpaX8CllHlCJb10aknp%2Ft12l1PiSUIYULNg46oBA%3D&union_lens=lensId%3AOPT%401590340141%400b1a25eb_0e5d_17247a8c3a6_3f53%4001,￥t2XD1JOfb3r￥,10000,9973,30.0,2020-04-19 00:00:00,2020-06-18 23:59:59,https://uland.taobao.com/coupon/edetail?e=52%2F9MujIe7oNfLV8niU3R5TgU2jJNKOfNNtsjZw%2F%2FoIQD9rk9v247fwHa%2B1uwNloR7SPR3XuhfibDIUCu%2Fc39awbAntFj%2BXYEHpTAWQ%2BSRFp4exEq6u%2FYUYEwnt9ZV7eQRnKbvkj176tUAWjn%2BOknP22e3eRtrr%2Fe6hVwoPYqIy%2Fczxa%2BhjACyzc2MbXbIJF2yyKL%2FuyTAI%3D&&app_pvid=59590_11.26.37.235_529_1590340140771&ptl=floorId:31507;app_pvid:59590_11.26.37.235_529_1590340140771;tpp_pvid:&union_lens=lensId%3AOPT%401590340141%400b1a25eb_0e5d_17247a8c3a6_3f53%4001,￥t2CY1JOfnXg￥,https://s.click.taobao.com/ruzlghv,否,,,,,
616053884877,【Lace Garden】品牌设计+流心雨+lolita黑色心超大裙摆连衣裙JSK,https://img.alicdn.com/i3/1076401249/O1CN01LtzyP81L65HVyDehg_!!1076401249.jpg,http://item.taobao.com/item.htm?id=616053884877,LACE GARDEN 蕾丝花园原创品牌洋装店,229,0,4.5,9.41,lacegarden,https://s.click.taobao.com/5Jslghv,https://s.click.taobao.com/t?e=m%3D2%26s%3DYOmX89Vz6qhw4vFB6t2Z2ueEDrYVVa64juWlisr3dOdyINtkUhsv0L9eAJbfIZiWUNu%2BCzTYRaztCmfOQUcFIlSwgggofB32be0285%2FWpbJH8YQcwA8a%2FBrCMvRnLmmTUyNpxLfgKr0jWpzpm6nEC1%2Fd6CX%2Fee6VlzjmmIA52yU6%2Fno%2BojceVugLP66JDtmTomfkDJRs%2BhU%3D&union_lens=lensId%3AOPT%401590340142%400b1a25eb_0e5d_17247a8c3f1_3f54%4001,￥HnOH1JOfUy6￥,10000,9885,20.0,2020-04-15 00:00:00,2020-05-31 23:59:59,https://uland.taobao.com/coupon/edetail?e=A626ZFCr8boNfLV8niU3R5TgU2jJNKOfNNtsjZw%2F%2FoJbmWgbWdbXN3KXDFvEn%2Fml0OIIDV88vwkHmAfeDSbf5muFqp8TFaHMNg4Gqf8CT4CK2U%2FXDn5rM9yAmkYm99pVmMHpNfYdHdD%2FawWiow74mICnqiGk4FiOLJ3bdz5Kbzzmt4OzLcG%2BoXaC54LfKGbLonv6QcvcARY%3D&&app_pvid=59590_11.26.37.235_529_1590340140771&ptl=floorId:31507;app_pvid:59590_11.26.37.235_529_1590340140771;tpp_pvid:&union_lens=lensId%3AOPT%401590340142%400b1a25eb_0e5d_17247a8c3f1_3f54%4001,￥r2Pw1JOUWyA￥,https://s.click.taobao.com/o7vlghv,否,,,,,
616428565017,余生原创洛丽塔瑶姬补款链接拍下请您看看详情页,https://img.alicdn.com/i4/4209032349/O1CN018HqO1Z1TDsxErUlwq_!!4209032349.jpg,http://item.taobao.com/item.htm?id=616428565017,u[4209032349],249.9,0,2.7,6.21,初姚商贸,https://s.click.taobao.com/H6ulghv,https://s.click.taobao.com/t?e=m%3D2%26s%3D7I%2BiG0MyePJw4vFB6t2Z2ueEDrYVVa64juWlisr3dOdyINtkUhsv0L9eAJbfIZiWUNu%2BCzTYRaztCmfOQUcFIlSwgggofB32be0285%2FWpbJH8YQcwA8a%2FBrCMvRnLmmTUyNpxLfgKr0jWpzpm6nEC85rjCQUIkU%2BHxrSYzxaIgvEHoh%2FzbZsTv88aiPPzyeoomfkDJRs%2BhU%3D&union_lens=lensId%3AOPT%401590340142%400b1a25eb_0e5d_17247a8c440_3f6e%4001,￥X15y1JOU07x￥,10000,9949,20.0,2020-03-30 00:00:00,2020-05-29 23:59:59,https://uland.taobao.com/coupon/edetail?e=bghv7SYjBE4NfLV8niU3R5TgU2jJNKOfNNtsjZw%2F%2FoKC33Qu98VDcqxR8B%2B4v1XDWSjeDILI0hQHmAfeDSbf5muFqp8TFaHMNg4Gqf8CT4Cj9hkzGsEOPscm7cB2VhJWmMHpNfYdHdD%2FawWiow74mICnqiGk4FiOLJ3bdz5Kbzzmt4OzLcG%2BoXaC54LfKGbLonv6QcvcARY%3D&&app_pvid=59590_11.26.37.235_529_1590340140771&ptl=floorId:31507;app_pvid:59590_11.26.37.235_529_1590340140771;tpp_pvid:&union_lens=lensId%3AOPT%401590340142%400b1a25eb_0e5d_17247a8c440_3f6e%4001,￥JRqK1JOf4hP￥,https://s.click.taobao.com/4Pxlghv,否,,,,,
